<?xml version="1.0" encoding="utf-8"?>
<resources>

    <style name="CustomWindowTitleBackground">
        <item name="android:background">#323331</item>
    </style>

    <style name="CustomMessageDialog" parent="@android:style/Theme.Dialog">
        <item name="android:windowBackground">@android:color/transparent</item>
    </style>

    <style name="CustomTheme" parent="android:Theme">
        <item name="android:windowTitleSize">50dip</item>
        <item name="android:windowTitleBackgroundStyle">@style/CustomWindowTitleBackground</item>
    </style>

    <!--
    <style name="CustomMessageDialog" parent="@android:style/Theme.Dialog">
        <item name="android:windowBackground">@android:color/transparent</item>
    </style>
    -->

 <!--    <style name="DialogAnimation">
        <item name="android:windowEnterAnimation">@anim/slide_up_dialog</item>
        <item name="android:windowExitAnimation">@anim/slide_down_dialog</item>
    </style>

Animation for dialog box
    <style name="DialogSlideAnim" parent="@android:style/Theme.Translucent.NoTitleBar.Fullscreen">
        <item name="android:windowFullscreen">false</item>
        <item name="android:windowNoTitle">true</item>
        <item name="android:windowFrame">@null</item>
        <item name="android:windowIsFloating">true</item>
        <item name="android:windowContentOverlay">@null</item>
        <item name="android:windowSoftInputMode">stateUnspecified|adjustPan</item>
        <item name="android:windowActionModeOverlay">true</item>
         <item name="android:windowCloseOnTouchOutside">true</item>
        
    </style>
 -->
</resources>