<?xml version="1.0" encoding="UTF-8"?>
<resources>

    <string name="error0">Unknown Error.</string>
    <!-- <string name = "error1">Internal error.</string> -->
    <string name="error1">Error in processing!</string>
    <string name="error2">Invalid entry!</string>
    <string name="error3">Sorry! You cannot contact a member of the same gender.</string>
    <string name="error4">Sorry! This profile does not exist.</string>
    <string name="error5">Sorry! This profile has been suspended.</string>
    <string name="error6">Sorry! This profile is currently hidden.</string>
    <string name="error7">Member profile is under validation. Interest will be in queue. Since your profile is currently under validation, your Interest will be queued and sent after validation.</string>
    <string name="error8">Sorry! This profile does not exist.</string>
    <string name="error9">Sorry! Your profile has been suspended.  </string>
    <string name="error10">Sorry! Your profile is currently hidden.  </string>
    <string name="error11">Sorry! Your profile is currently under \nvalidation.</string>
    <string name="error12">Maximum no. of profiles already created for this e-mail ID</string>
    <string name="error13">E-mail ID exists in blocked list. Enter another e-mail ID.</string>
    <string name="error14">Photo is currently under validation.</string>
    <string name="error15">Photo is currently under validation. </string>
    <string name="error16">Invalid photo selection</string>
    <string name="error17">Photo has exceeded the maximum image \nsize.</string>
    <string name="error18">Please upload photos only in JPG or GIF formats.</string>
    <string name="error19">You’re allowed to upload a max. of 10 photos only.</string>
    <string name="error20">Sorry! This profile does not have a photo.</string>
    <string name="error21">You have entered an invalid photo password.</string>
    <string name="error22">Sorry! This profile does not have a horoscope.</string>
    <string name="error23">You have entered an invalid horoscope password.</string>
    <string name="error24">Login or register to view horoscope</string>
    <string name="error25">Horoscope is displayed only to paid members. Click here to become a paid member today</string>
    <string name="error26">This is an exclusive feature only for Paid Members. Click here to become a paid member today</string>
    <string name="error27">Sorry! Your message will not be delivered to member as it appears to contain abusive content. </string>
    <string name="error28">Sorry! You have exceeded the max. no. of messages sent.</string>
    <string name="error29">Unable to send message as your profile appears in member’s blocklist</string>
    <string name="error30">Since your profile is currently under validation, your message will be queued and sent after validation.</string>
    <string name="error31">12 hours contact limit exceeded</string>
    <string name="error32">Sorry! This profile does not exist.</string>
    <string name="error33">This is a feature only for Free Members.</string>
    <string name="error34">You have already sent an Express Interest to this member today. Please wait until tomorrow to send a reminder.</string>
    <string name="error35">Sorry! This member has already declined your interest.</string>
    <string name="error36">Sorry! You have reached the maximum number of Express Interests you can send in a day.</string>
    <string name="error37">Sorry! You cannot contact this member as the member has blocked you.</string>
    <string name="error38">You have reached the Accepted Interest limit. You will not be able to send anymore interests. </string>
    <string name="error39">Since your profile is currently under validation, your Interest will be queued and sent after validation.</string>
    <string name="error40">Sorry! This profile does not exist.</string>
    <string name="error41">Sorry! Pending Interest cannot be deleted. You must either Accept or Decline the Interest.</string>
    <string name="error42">For Free - Your filter criteria does not match with member. Your Interest will be stored in the member’s Filtered Interests folder.</string>
    <string name="error43">Sorry! Incorrect login details.</string>
    <string name="error44">Sorry! No Matrimony ID exists for this e-mail ID.</string>
    <string name="error45">You’ve reached the max. no. of profiles that can be shortlisted. Further shortlisting is not allowed.</string>
    <string name="error46">This profile exists in your Ignored List. To contact this member, remove member from Ignored List.</string>
    <string name="error47">This profile exists in your Blocklist. To contact this member, remove member from Blocklist.</string>
    <string name="error48">This profile does not exist in your Shortlist.</string>
    <string name="error49">You have exhausted your phone number views. </string>
    <string name="error50">This feature is exclusively for members. Login or register to use this feature.</string>
    <string name="error51">Sorry! Member has protected the phone number.</string>
    <string name="error52">Payment already made recently!</string>
    <string name="error53">Sorry! Your e-mail has bounced. You will not be able to contact other members.</string>
    <string name="error54">Sorry! This member has already declined your Interest.</string>
    <string name="error55">Sorry! Unable to upload photo as photo size is too small.</string>
    <string name="error56">Your e-mail has bounced. Please provide valid e-mail ID.</string>
    <string name="error57">Sorry! This profile’s privacy settings do not permit to receive messages from you.</string>
    <string name="error58">Doorstep payment request already made!</string>
    <string name="error59">Member Express Interest already accepted</string>
    <string name="error60">Message already declined</string>
    <string name="error61">Sorry!. Session Expired</string>
    <string name="error62">Sorry, no matching prospects found nearby your current location</string>
    <string name="error54P">Sorry! This member has already declined your Message.</string>
    <string name="error42P">For Paid - Your filter criteria does not match with member. Your Message will be stored in the member’s Filtered Messages folder.</string>

    <!-- chat error message -->
    <string name="error68">To initiate chat with this member, become a paid member.</string>
    <string name="error69">Member has blocked you.</string>
    <string name="error70">Unable to connect to the server, please try again.  </string>
    <string name="error71">	Member logged out.</string>
    <string name="error72">You cannot use the APP without verifying your mobile number. Login to our website and verify your mobile number.</string>
   
    
    <string name="error200">No member is currently available for chat.</string>
    
    
    <string name="errorSelectPhoto">Select a photo.</string>
    <string name="warningCriteriaFilter">Your profile does not match with the filter criteria of the person.</string>
    <string name="warningMemberStats">Unable to update the member status.</string>
    <string name="messageAcceptInterest">Expressed interest has been successfully accepted.</string>
    <string name="messageDeclinedMessage">Received message has been successfully declined.</string>
    <string name="messageShortlist">Profile has been short-listed successfully.</string>
    <string name="messageMainPhoto">Photo has been set as main photo.</string>
    <string name="messagePhotoDeleted">Photo has been deleted.</string>
    <string name="messageUploadPhotoSuccess">You have successfully added photo to your profile.</string>
    <string name="messageMemberStatsUpdated">The current member status name is: %1$s</string>
    <string name="messageGPSLocationNotMapped">Not able to map your current location. Please try again later</string>
    <string name="messageNoConnectivity">No Connectivity. Please try again later.</string>
    <string name="messageOutOfMemory">Memory is not enough to take and upload your image.</string>
    <string name="messageNoResults">No results found. Please change your search criteria and try again.</string>
    <string name="messagec2dmEnableFailed">Failed to enable instant messaging. Please try again later</string>
    <string name="messageFreeUserSentFolderAccess">Failed to enable instant messaging. Please try again later</string>
    <string name="messagec2dmDisableFailed">Failed to enable instant messaging. Please try again later</string>
    <string name="messageNoLatLong">We are not able to get your GPS co-ordinates. Please switch on your GPS and 
	try after some time to find your area specific payment options.</string>
    <string name="messageGPSLatLongNotFound">Not able to get your current position. Please switch on your GPS and try again</string>
    <string name="messageForgetPassword">Your password has been sent to your registered E-mail ID.</string>
    <string name="messageDeclinedSucessfully">You have declined this member’s message</string>
    <string name="messageDeletedSucessfully">Successfully Deleted</string>
    <string name="messageSentSucessfully">Message sent successfully</string>
    <string name="messageReplySucessfully">Your reply has been sent successfully</string>
    <string name="messageInterestSentSucessfully">Express Interest sent successfully</string>
    <string name="messageInterestDeclinedSucessfully">Successfully Declined</string>
    <string name="messagepaymentrequest">Thank you for using doorstep payment facility and submitting your details. You shall receive a confirmation call from our service representative shortly.</string>
    <string name="messageNoNewMatches">Sorry, there are no new matches today</string>
    <string name="messagePhoneNoError">Unable to fetch phone number</string>

</resources>