<?xml version="1.0" encoding="utf-8"?>
<resources>
    <integer name="default_max_length">10000</integer>
    <integer name="search_minage_max_length">2</integer>
    <integer name="search_maxage_max_length">2</integer>
    <integer name="registration_age_max_length">2</integer>
    <integer name="login_password_max_length">20</integer>
    <integer name="registration_password_max_length">20</integer>
    <integer name="login_userName_max_length">100</integer>
    <integer name="registration_userName_max_length">40</integer>
    <integer name="registration_mobile_no_max_length">16</integer>
    <integer name="registration_email_max_length">100</integer>
    <integer name="regular_srch_userName_max_length">100</integer>
    <integer name="forgot_psswd_userName_max_length">100</integer>
</resources>
