<?xml version="1.0" encoding="utf-8"?>
<resources>

   <string-array name="reg_field_identifier">
        <item>R.id.name_edit_text</item>
        <item>R.id.gender_tv</item>
        <item>R.id.age_label</item>
        <item>R.id.religion_tv</item>
        <item>R.id.mother_tongue_tv</item>
        <item>R.id.caste_tv</item>
        <item>R.id.country_tv</item>
        <item>R.id.country_code_tv</item>
        <item>R.id.mobile_edit_text</item>
        <item>R.id.email_edit_text</item>
        <item>R.id.password_edit_text</item>
    </string-array>

</resources>