<?xml version="1.0" encoding="utf-8"?>
<resources>

    <string name="app_name">Bharat Martimony</string>
    <bool name="is_tablet">false</bool>
    <string name="fp_view_album_label"><u>View Album</u></string>
    <string name="married">Married</string>
    

    <!-- Login -->
    <string name="password_empty_msg">Enter password</string>
    <string name="email_empty_msg">Enter E-mail ID/Matrimony ID</string>
    <string name="matri_id_empty_msg">Enter Matrimony ID</string>
    <string name="password_invalid_msg">Incorrect password </string>
    <string name="email_invalid_msg">Invalid  E-mail ID/Matrimony ID</string>
    <string name="matri_id_invalid_msg">Invalid Matrimony ID</string>
    <string name="password_minlength_msg">Password must have a minimum of 4 characters</string>
    <string name="password_minlength_msg_reg">Password must have a minimum of 6 characters</string>
    <string name="forgot_password"><u>Forgot password ?</u></string>
    <string name="contact_us"><u>Contact Us</u></string>

    <!-- Title for search listview dialog -->
    <string name="marital_status">Marital Status</string>
    <string name="religion">Religion</string>
    <string name="education">Education</string>
    <string name="caste">Caste</string>
    <string name="country">Country</string>
    <string name="country_code">Country Code</string>
    <string name="heighe_selection">Height Selection</string>
    <string name="mother_tongue">Mother Tongue</string>
    <string name="state">State</string>
    <string name="city">City</string>

    <!-- Search Screen -->
    <string name="age_range_msg">Enter age range</string>
    <string name="age_error_msg">“From” age should be less than “To” age. Eg: 21 to 27 years</string>
    <string name="out_of_range_year">You must be 18 years &amp; above to register should be displayed.</string>
    <string name="age_diff_msg">The difference between a partner"'s" From and To age should not exceed 22 years.</string>
    <string name="max_age_msg">Maximum age limit is 70</string>
    <string name="age_mismatch_msg">Date of birth and age is mismatched</string>
    <string name="height_error_msg">“From” height should be less than “To” height. Eg: 5 ft to 5ft 4in</string>
    <string name="max_char_for_mobile">Mobile number should be 10 to 12 characters</string>
    <string name="search_min_age_female">Sorry, invalid age (Min. age is 18. Max. age is 70).</string>
    <string name="search_min_age_male">Sorry, invalid age (Min. age is 21. Max. age is 70).</string>
    <!-- Registration -->
    <string name="name_length_msg">Enter name</string>
    <string name="age_length_msg">Select date of birth or enter age</string>
    <string name="min_age_for_female_msg">Female - You must be 18 years &amp; above to register</string>
    <string name="min_age_for_male_msg">Male - You must be 21 years &amp; above to register</string>
    <string name="reg_max_age_for_male_msg">Male - You must be 21 years &amp; above to register, Service available for members between 21 – 70 years only</string>
    <string name="reg_max_age_for_female_msg">Female - You must be 18 years &amp; above to register, Service available for members between 18 – 70 years only</string>
    <string name="email_and_password">Email and Password both can not be same</string>
    <string name="name_and_password">Name and password cannot be the same</string>
    <string name="religion_msg">Select  religion</string>
    <string name="mother_tongue_msg">Select mother tongue</string>
    <string name="caste_msg">Select  caste</string>
    <string name="country_msg">Select  country</string>
    <string name="country_code_msg">Select country code</string>
    <string name="mobile_msg">Enter mobile number</string>
    <string name="mobile_number_length">Invalid mobile number</string>
    <string name="email_msg">Enter valid e-mail ID</string>
    <string name="MINIMUM_AGE_FOR_MALE">21</string>
    <string name="MINIMUM_AGE_FOR_FEMALE">18</string>
    <string name="MAXIMUM_AGE">70</string>
    <string name="mobile_number">0123456789+</string>
    <string name="termandcon"><u>Terms and Conditions.</u></string>
    <string name="name_input">abcdefghijklmnopqrstuvwxyzABCDEFGHIJKLMNOPQRSTUVWXYZ" "</string>
    <string name="msg_err">You have not typed any message</string>
    <string name="mul_log_txt">Please select the Matrimony ID you would like to login</string>
    <string name="gender_msg">Select gender</string>
    <string name="invalid_password">Invalid password</string>
    <string name="mismatched_age_dob">The age value does not match with the date-of-birth. Please enter the correct date-of-birth</string>
    <string name="register_sucessfully">Thank you for registering on BharatMatrimony. \n Our customer care executive will call you soon.</string>
    <string name="password">" "0123456789abcdefghijklmnopqrstuvwxyzABCDEFGHIJKLMNOPQRSTUVWXYZ</string>
    <string name="password_alpha_numeric">Sorry, your Password has been Rejected. Its Recommended that you submit a password with alpha numeric characters.</string>
    <!-- Door Step Form -->
    <string name="payment_info">Place an online request to have your payment collected from your doorstep by our representative free of cost within 24 hours.</string>
    <string name="date_msg">Select appointment date</string>
    <string name="time_err_msg">Starting time and ending time should not be equal</string>
    <string name="start_time_msg">Select appointment starting time</string>
    <string name="end_time_msg">Select appointment ending time</string>
    <string name="city_err_msg">Select residing city</string>
    <string name="date_err_msg">Selected date cannot be before current date</string>
    <string name="state_err_msg">Select residing state</string>
    <string name="max_age_for_both">Sorry! Maximum age limit is 70.</string>
    <string name="interestSentMsg">"Express interest by selecting one of the messages given below. You will be alerted by e-mail if the members accept or decline interest. A copy of the member’s response will also be available in your “Express Interest Sent” folder…"</string>
    <string name="interestReceivedMsg">"Decline is better than not replying at all. Your reply will help the member to look out for other suitable alliances.\n\nPlease select a message to send to member."</string>
    <string name="decline_button">Decline</string>
    <string name="express_interest_button">Express Interest</string>
    <string name="photo_pwd_free">To view the photo, enter photo password or e-mail the member to request for the same. 
    To send an e-mail request you must be a paid member.</string>
    <string name="photo_pwd_paid">To view the photo, enter photo password or e-mail the member to request for the same.</string>
    <string name="horoscope_pwd">To view the horoscope, enter horoscope password or e-mail the member to request for the same.</string>
    <string name="msg_sent_button">Send</string>
    <string name="msg_reply_button">Reply</string>
    <string name="paymentOptionHeader">You have selected:&lt;br>&lt;big>%1$s&lt;br>%2$s Package - %3$s %4$s&lt;/big></string>
    <string name="password_maxlength_msg">Password must have a maximum of 8  characters</string>

    <!-- Contact Us -->
    <string name="try_to_get_msg">In the process of locating nearest office details</string>
    <string name="gps_loc_msg">Unable to get GPS co-ordinates. Please switch on GPS and try again.</string>

    <!-- Msg Select -->
    <string name="select_any_ei_msg">Please select any one of the template Express Interest messages </string>
    <string name="int_sent_sucessful_msg">Express Interest sent successfully</string>
    <string name="msg_sent_sucessful_msg">Message sent successfully</string>
    <string name="int_sent_failed_msg">Failed to send express interest</string>
    <string name="reply_sucessful_msg">Your reply has been sent successfully</string>
    <string name="declined_msg">You have declined this member’s message</string>
    <string name="empty_msg">You have not typed any message</string>
    <string name="upload_msg">Upload photo</string>
    <string name="upload_sucessful">You have successfully uploaded photo to your profile</string>
    <string name="no_results">No results found</string>
    <string name="no_connectivity_msg">Poor connectivity. Please try again later</string>

    <!-- Full Profile -->
    <string name="incorret_password">Incorrect password</string>
    <string name="sucessfully_deleted_msg">Successfully Deleted</string>
    <string name="sucessfully_declined_msg">Successfully Declined</string>
    <string name="first_page">This is the first page</string>
    <string name="last_page">This is the Last page</string>
    <string name="failed_previous_msg">Failed to get previous page content</string>

    <!-- Settings and Share screen -->
    <string name="share_subtitle">Like this app? Help spread the word!</string>
    <string name="rate_app">Rate this app</string>
    <string name="share_fb">On Facebook</string>
    <string name="share_tweet">On Twitter</string>
    <string name="share_with_friends">Share with friends</string>
    <string name="rate_this_app">Rate this app</string>
    <string name="notifications">Notifications</string>
    <string name="logout">Logout</string>
    <string name="search_by_id">Search By Id</string>
    <string name="app_id">517533981619834</string>
    <string name="applicationId">517533981619834</string>
    <string name="share_title">Share</string>

    <!-- Rating dialog -->
    <string name="rate_title">Rate BharatMatrimony</string>
    <string name="rate_message">If you enjoy using BharatMatrimony, would you mind taking a moment to rate it? It won’t take more than a minute. Thanks for your support!</string>
    <string name="rate_now">Rate It Now</string>
    <string name="rate_later">Remind Me Later</string>
    <string name="rate_dont_show_again">No, Thanks</string>

    <!-- SplashScreen String Resources -->
    <string name="splashscreen_image_content_description">SplashScreen Image</string>
    <string name="progress_bar_wait_request">Please Wait &#8230;</string>

    <!-- LoginScreen String Resources -->
    <string name="register_now">Register Now</string>
    <string name="not_a_member">Not a member yet?</string>
    <string name="login_register_now"><font color="white">Not a member yet?</font><font face="times new roman" color="white"><br><big>Register Now</big></br></font></string>
    <string name="over_millions_of_choice">Over Millions Of Choices</string>
    <string name="search_now">Search Now</string>
    <string name="upgrade">Upgrade</string>
    <string name="to_contact_prospects_directly">To contact prospects directly</string>
    <string name="login_username_hint">Email/Matri ID</string>
    <string name="login_password_hint">********</string>
    <string name="login_remember_password">Remember Password ?</string>
    <string name="login_button_label">Login</string>
    <string name="matrimony_label">matrimony</string>

    <!-- forgot password String resource -->
    <string name="forgot_password_username_hint"> Email/Matri ID</string>
    <string name="forgot_password_submit_button_label"> Submit </string>

    <!-- Registration Screen String Resource -->
    <string name="registration_register_button_label">	Register	</string>
    <string name="registration_name_hint">Name</string>
    <string name="registration_gender_label">Gender     </string>
    <string name="registration_gender_male_label">	Male   </string>
    <string name="registration_gender_female_label">	Female</string>
    <string name="registration_age_label">Age</string>
    <string name="registration_DOB_format_label">DD/MM/YYYY</string>
    <string name="registration_or_label">Or</string>
    <string name="registration_age_hint">Age</string>
    <string name="registration_religion_label">Religion</string>
    <string name="right_side_arrow">></string>
    <string name="registration_religion_select_hint">Select</string>
    <string name="registration_mother_tongue_label">Mother Tongue</string>
    <string name="registration_mother_tongue_select_hint">Select</string>
    <string name="registration_caste_label">Caste</string>
    <string name="registration_country_living">Country living in</string>
    <string name="registration_caste_select_hint">Select</string>
    <string name="registration_selected_country_select_hint">Select</string>
    <string name="registration_selected_country_code_label">Country code</string>
    <string name="registration_selected_country_code_select_hint">Select</string>
    <string name="registration_mobile_no_label">Mobile No</string>
    <string name="registration_email_hint">E-mail (Optional)</string>
    <string name="registration_login_password_hint">Login Password</string>
    <string name="registration_t_and_c_accept_label">I accept the  </string>

    <!-- Regular Search -->
    <string name="expand_symbol">+</string>
    <string name="seperater_symbol">-</string>
    <string name="regular_search_by_id_label">Search by ID</string>
    <string name="regular_search_user_hint">Matrimony ID</string>
    <string name="regular_search_label">Search</string>
    <string name="regular_search_partner_search_label">Partner Search</string>
    <string name="regular_search_same_city_search_button_label">Same City Search</string>
    <string name="regular_search_gender_label">Gender     </string>
    <string name="regular_search_gender_male_option_label">Male   </string>
    <string name="regular_search_gender_female_option_label">Female</string>
    <string name="regular_search_age_label">Age</string>
    <string name="min_age_label">18</string>
    <string name="age_to_label">to</string>
    <string name="max_age_label">40</string>
    <string name="regular_search_height_label">Height	     </string>
    <string name="regular_search_min_height_hint">4 \' 0 \'\' - 121 cm</string>
    <string name="regular_search_max_height_hint">7 \' 0 \'\' - 213 cm</string>
    <string name="regular_search_marital_status_label">Marital Status</string>
    <string name="regular_search_selected_marital_status_label">Any</string>
    <string name="regular_search_religion_label">Religion</string>
    <string name="regular_search_selected_religion_label">Any</string>
    <string name="regular_search_mother_tongue_label">Mother Tongue</string>
    <string name="regular_search_selected_mother_tongue_label">Any</string>
    <string name="regular_search_caste_label">Caste</string>
    <string name="regular_search_selected_caste_label">Any</string>
    <string name="any_txt">Any</string>
    
    <string name="regular_search_country_label">Country</string>
    <string name="regular_search_selected_country_label">Any</string>
    <string name="regular_search_education_label">Education</string>
    <string name="regular_search_selected_education_label">Any</string>
    <string name="regular_search_show_profile_label">Show Profile      </string>
    <string name="regular_search_profile_with_photo_label">With Photo   </string>
    <string name="regular_search_profile_with_horoscope_label">With Horoscope</string>
    <string name="regular_search_profile_display_label">Display in     </string>
    <string name="regular_search_display_in_list_label">List View  </string>
    <string name="regular_search_display_in_photo_label">Photo View</string>
    <string name="regular_search_same_city_search_label">Same City Search</string>
    <string name="regular_search_same_city_search_YES_option_label">Yes</string>
    <string name="regular_search_same_city_search_NO_option_label">NO</string>
    <string name="height_in_feet_label">Feet</string>
    <string name="height_in_inch_label">Inch</string>
    <string name="height_in_cms_label">Cm</string>
    <string name="height_picker_done_button_label">Done</string>
    <string name="height_picker_ok_button_label">OK</string>
    <string name="height_picker_cancel_button_label">Cancel</string>

    <!-- HomeScreen String Resource -->
    <string name="homeScreen_change_photo_label">Change photo</string>
    <string name="homeScreen_welcome_label">Welcome !</string>
    <string name="homeScreen_search_by_id_hint">Search by ID</string>

    <!-- SearchResults Resources -->
    <string name="search_results_prev_button_label">Previous</string>
    <string name="search_results_nxt_button_label">Next</string>
    <string name="search_ok_button_label">OK</string>
    <string name="search_cancel_button_label">Cancel</string>
    <string name="search_preferred_match_label">Preferred Matching Profile</string>

    <!-- add photo -->
    <string name="add_photo_label">AddPhoto</string>
    <string name="add_photo_max_photos_per_prof_label">You can add up to 10 photos to your profile</string>
    <string name="select_photo_hint">Select photo</string>
    <string name="take_photo_button_label">Take Photo</string>
    <string name="choose_photo_button_label">Choose Photo</string>

    <!-- Message send -->
    <string name="message_send_filter_criteria_label">Member\'s filter criteria does not match with your profile. Your Message will be stored in the member’s Filtered Messages folder.</string>
    <string name="interest_message_filter_criteria_label">Member\'s filter criteria does not match with your profile. Your Interest will be stored in the member’s Filtered Interests folder.</string>
    <string name="message_send_reply_button_label">Reply</string>
    <string name="online_status_label">Online now</string>
    <string name="accept_button_label">Accept</string>
    <string name="decline_button_label">Decline</string>
    <string name="send_mail_button_label">Send Mail</string>

    <!-- chat window String Resources -->
    <string name="chat_window_send">Send</string>

    <!-- doorstep form activity xml resources -->
    <string name="doorstep_form_submit_button_label">	Submit	</string>
    <string name="doorstep_form_personal_details_label">Personal Details</string>
    <string name="doorstep_form_name_hint">-Name-</string>
    <string name="doorstep_form_mobile_hint">-Mobile No-</string>
    <string name="doorstep_form_location_hint">Location</string>
    <string name="doorstep_form_select_state_button_hint">Select State</string>
    <string name="doorstep_form_select_city_button_hint">Select City</string>
    <string name="doorstep_form_appointment_details_label">Appointment Details</string>
    <string name="doorstep_form_date_button_hint">Date</string>
    <string name="doorstep_form_start_time_button_hint">Start Time</string>
    <string name="doorstep_form_end_time_button_hint">End Time</string>
    <string name="submit_button_label">Submit</string>
    <string name="doorstep_payment_name_hint">Name</string>
    <string name="doorstep_payment_mobile_hint">Mobile No</string>
    <string name="doorstep_payment_location_label">Location</string>
    <string name="doorstep_payment_select_state_button_hint">Select State</string>
    <string name="doorstep_payment_select_city_button_hint">Select City</string>
    <string name="doorstep_payment_appointment_details_label">Appointment Details</string>
    <string name="doorstep_payment_date_button_hint">Select Date</string>
    <string name="doorstep_payment_pay_now_button_label">Pay Now</string>
    <string name="doorstep_payment_subscribe_now_button_label">Subscribe Now</string>

    <!-- camera view resources -->
    <string name="start_camera_button_label">Start Camera</string>

    <!-- Dialogs String Resources -->
    <string name="process_of_locating_nearest_office">In the process of locating nearest office details&#8230;</string>
    <string name="logging_in">Logging in</string>
    <string name="no_connectivity">NoConnectivity</string>
    <string name="checking_for_updates">Checking for updates</string>
    <string name="updating">Updating &#8230;</string>

    <!-- fp header old xml resource -->
    <string name="fp_old_full_name_label">Niha Mohandas</string>
    <string name="fprofile_bm_id_text">(E1577015)</string>
    <string name="fprofile_online_status">Online now</string>
    <string name="fprofile_city_country_label">Chennai, India</string>
    <string name="fprofile_creater_label">Profile created by Relative</string>
    <!-- fprofile expand and collapse xml -->
    <string name="fprofile_expnd_symbol">+  </string>
    <string name="fprofile_about_me_label">About Me</string>
    <string name="fprofile_personal_information_label">Personal Information</string>
    <string name="fprofile_name_label">Name: </string>
    <string name="fprofile_matial_status_label">Marital Status: </string>
    <string name="fprofile_children_label">No. of children: </string>
    <string name="fprofile_children_living_status_label">Children living status: </string>
    <string name="fprofile_age_label">Age: </string>
    <string name="fprofile_height_label">Height: </string>
    <string name="fprofile_mother_tongue_label">Mother Tongue: </string>
    <string name="fprofile_body_type_label">Body Type: </string>
    <string name="fprofile_complexion_label">Complexion: </string>
    <string name="fprofile_physical_status_label">Physical Status: </string>
    <string name="fprofile_weight_label">Weight: </string>
    <string name="fprofile_blood_group_label">Blood Group: </string>
    <string name="fprofile_religious_information_label">Religious Information</string>
    <string name="fprofile_religion_label">Religion: </string>
    <string name="fprofile_caste_label">Caste / Sub Caste: </string>
    <string name="fprofile_zodiac_label">Zodiac: </string>
    <string name="fprofile_star_raasi_label">Star / Raasi: </string>
    <string name="fprofile_horoscop_match_label">Horoscope Match: </string>
    <string name="fprofile_gothram_label">Gothram: </string>
    <string name="fprofile_lifestyle_label">Lifestyle</string>
    <string name="fprofile_eating_habits_label">Eating Habits: </string>
    <string name="fprofile_drinking_habits_label">Drinking Habits: </string>
    <string name="fprofile_smoking_habits_label">Smoking Habits: </string>
    <string name="fprofile_location_label">Location</string>
    <string name="fprofile_citizenship_label">Citizenship: </string>
    <string name="fprofile_country_label">Country: </string>
    <string name="fprofile_state_label">State: </string>
    <string name="fprofile_city_label">City: </string>
    <string name="fprofile_resident_status_label">Resident Status: </string>
    <string name="fprofile_professional_label">Professional</string>
    <string name="fprofile_education_category_label">Education Category: </string>
    <string name="fprofile_education_in_detail_label">Education in Detail: </string>
    <string name="fprofile_employed_in_label">Employed in: </string>
    <string name="fprofile_occupation_label">Occupation: </string>
    <string name="fprofile_occupation_in_detail_label">Occupation in Detail: </string>
    <string name="fprofile_annual_income_label">Annual Income: </string>
    <string name="fprofile_family_label">Family</string>
    <string name="fprofile_family_values_label">Family Values: </string>
    <string name="fprofile_family_type_label">Family Type: </string>
    <string name="fprofile_family_status_label">Family Status: </string>
    <string name="fprofile_ancestral_origin_label">Ancestral Origin: </string>
    <string name="fprofile_father_occupation_label">Father\'s Occupation: </string>
    <string name="fprofile_mother_occupation_label">Mother\'s Occupation: </string>
    <string name="fprofile_no_of_brothers_label">No. of Brother(s): </string>
    <string name="fprofile_no_of_sisters_label">No. of Sister(s): </string>
    <string name="fprofile_hobbies_and_interests_label">Hobbies and Interests</string>
    <string name="fprofile_hobbies_label">Hobbies: </string>
    <string name="fprofile_interests_label">Interests: </string>
    <string name="fprofile_music_label">Music: </string>
    <string name="fprofile_reads_label">Reads: </string>
    <string name="fprofile_movies_label">Movies: </string>
    <string name="fprofile_sports_label">Sports: </string>
    <string name="fprofile_cuisine_label">Cuisine: </string>
    <string name="fprofile_attire_label">Attire: </string>
    <string name="fprofile_language_label">Language: </string>
    <string name="fprofile_partner_preference_label">Partner Preference</string>
    <string name="fprofile_partner_pref_age_label">Age: </string>
    <string name="fprofile_partner_pref_height_label">Height: </string>
    <string name="fprofile_partner_pref_marital_status_label">Marital Status: </string>
    <string name="fprofile_partner_pref_physical_status_label">Physical Status: </string>
    <string name="fprofile_partner_pref_mother_tongue_label">Mother Tongue: </string>
    <string name="fprofile_partner_pref_religion_label">Religion: </string>
    <string name="fprofile_partner_pref_caste_label">Caste: </string>
    <string name="fprofile_partner_pref_sub_caste_label">Sub Caste: </string>
    <string name="fprofile_partner_pref_star_label">Star: </string>
    <string name="fprofile_partner_pref_gothra_label">Gothra: </string>
    <string name="fprofile_partner_pref_manglik_label">Manglik: </string>
    <string name="fprofile_partner_pref_eating_habits_label">Eating Habits: </string>
    <string name="fprofile_partner_pref_education_label">Education: </string>
    <string name="fprofile_partner_pref_occupation_label">Occupation: </string>
    <string name="fprofile_partner_pref_annual_income_label">Annual Income: </string>
    <string name="fprofile_partner_pref_country_label">Country: </string>
    <string name="fprofile_partner_pref_drinking_habits_label">Drinking Habits: </string>
    <string name="fprofile_partner_pref_smoking_habits_label">Smoking Habits: </string>
    <string name="fprofile_partner_pref_city_label">City: </string>
    <string name="fprofile_partner_pref_residential_status_label">Residential Status: </string>
    <string name="fprofile_partner_pref_residing_state_label">Residing State: </string>

    <!-- mail reply -->
    <string name="mail_reply_pending_message_label">Your reply to this member\'s mail is pending.</string>
    <string name="read_and_reply_mailbutton_label">Read &amp; Reply</string>

    <!-- fProfile express interest -->
    <string name="fprofile_exprss_interest_help_label">Like to contact this member?</string>
    <string name="fprofile_exprss_interest_button_label">Express Interest</string>
    <string name="fprofile_interest_accept_button_label">Accept</string>
    <string name="fprofile_interest_decline_button_label">Decline</string>

    <!-- fp related resources -->
    <string name="fp_read_message_button_label">Read</string>
    <string name="fp_reply_message_button_label">Reply</string>
    <string name="fp_message_decline_button_label">Decline</string>
    <string name="fp_contact_details_label">Contact Details of</string>
    <string name="fp_phone_label">Phone: </string>
    <string name="fp_mobile_label">Mobile: </string>
    <string name="fp_contact_person_label">Contact Person: </string>
    <string name="fp_call_message_label">Convenient Time to call: </string>
    <string name="fp_contact_relationship_message_label">Relationship to Member: </string>
    <string name="fp_member_comment_label">Member\'s Comments: </string>
    <string name="fp_close_button_label">Close</string>
    <string name="fp_submit_button_label">Submit</string>
    <string name="fp_enter_password_label">Enter password:</string>
    <string name="fp_password_hint">******</string>
    <string name="fp_send_mail_button_label">Send Mail</string>
    <string name="fp_ok_button_label">OK</string>
    <string name="fp_cancel_button_label">Cancel</string>
    <string name="fp_upgrade_now_button_label">Upgrade Now</string>

    <!-- fp login register -->
    <string name="fp_member_like_message_label">Like this member?</string>
    <string name="fp_login_button_label">Login</string>
    <string name="fp_login_register_or_label">or</string>
    <string name="fp_login_register_free_button_label">Register FREE</string>

    <!-- gallery String resources -->
    <string name="gallery_select_main_photo_label">Select as main photo</string>
    <string name="gallery_delete_label">Delete</string>

    <!-- chat profile Resources -->
    <string name="chat_online_status_label">Online Now</string>

    <!-- custom dialog layout resources -->
    <string name="custom_dialog_Yes_button_label">Yes</string>
    <string name="custom_dialog_No_button_label">No</string>
    <string name="loading_msg_label">Loading&#8230;</string>
    <string name="dialog_ok_button_label">OK</string>
    <string name="dialog_error_title_label">Error</string>
    <string name="dialog_message_title_label">Message</string>
    <string name="dialog_warning_title_label">Warning</string>
    <string name="become_paid_member">Become a Paid member</string>
    <string name="close">Close</string>
    <string name="cancel">Cancel</string>

    <!-- magic match Resources -->
    <string name="click_here_button_label">Click here</string>

    <!-- multiple domain Resources -->
    <string name="multiple_domain_name_label">Name : </string>
    <string name="multiple_domain_id_label">ID : </string>

    <!-- online resources -->
    <string name="search_hint">Search</string>
    <string name="none_online_msg_label">No member is currently available for chat</string>

    <!-- setting screen Resources -->
    <string name="settings_notification_label">Notifications</string>
    <string name="settings_logout_label">Logout</string>
    <string name="settings_search_by_id_button_label">Search By Id</string>
    <string name="tabs_title_label">Title</string>
    <string name="done_button_label">Done</string>

    <!-- Upload screen Resource -->
    <string name="upload_button_label">Upload</string>
    <string name="add_photo_caption_label">Add a caption for your photo</string>
    <string name="upload_screen_caption_hint">Caption</string>

    <!-- titlebar Resources -->
    <string name="modify_button_label">Modify</string>

    <!-- imagezoom -->
    <string name="image_zoom_left_button_label">left</string>
    <string name="image_zoom_right_button_label">right</string>

    <!-- additional resources not related to screens -->
    <string name="camera_capture_image">capture image</string>

    <!-- short listed Resource in java file -->
    <string name="short_listed_send_mail_button_label">Send Mail</string>
    <string name="short_listed_express_interest_button_label">Express Interest</string>

    <!-- share in FB Resources -->
    <string name="fb_share_success_message">App shared successfully on Facebook</string>
    <string name="fb_share_post_failed_message">No wall post made</string>

    <!-- Login -->
    <string name="forgot_password_message"><big>Forgot Password ?</big><br><font D0D0D0="" color="\">\nEnter your Matrimony ID or E-mail ID used during registration. The password will be e-mailed to you. </font></br></string>

    <!-- dialog messages -->
    <string name="logout_message">Logging out&#8230;</string>
    <string name="partner_pref_downloading_msg">Downloading partner preference&#8230;</string>
    <string name="no_results_try_again_msg">Not able to get results. Please try again later</string>
    <string name="no_results_msg">No results</string>
    <string name="first_page_msg">This is the first page</string>
    <string name="last_page_msg">This is the Last page</string>
    <string name="search_max_count_prefix_msg">Sorry, you can select only up to 30 </string>
    <string name="search_max_count_suffix_msg"> in your search criteria</string>
    <string name="getting_current_location_msg">Trying to get your current location mapping</string>
    <string name="searching_msg">Searching &#8230;</string>
    <string name="pls_wait_msg">Please wait&#8230;</string>
    <string name="fetch_paymnt_msg">Fetching payment options&#8230;</string>
    <string name="invalid_mobile_no_msg">Invalid mobile number</string>
    <string name="unable_send_try_again_msg">Not able to send reply. Please try again later</string>
    <string name="register">Register</string>
    <string name="login">Login</string>
    <string name="view_horoscope">View Horoscope</string>
    <string name="reg_login_to_view_horoscope">Register \/ Login to view this member\'s horoscope</string>
    <string name="become_paid_member_to_view_horoscope">Become a Paid Member to view this member\'s horoscope</string>
    <string name="dialog_message">Message</string>
    <string name="chat">Chat</string>
    <string name="reg_login_to_chat_member">Register \/ Login to chat this member</string>
    <string name="become_paid_member_to_chat">Become a Paid Member to chat this member</string>
    <string name="view_contact_details">View Contact Details</string>
    <string name="reg_login_to_view_conact">Register \/ Login to view this member\'s contact details</string>
    <string name="become_paid_member_to_view_contact">Become a Paid Member to view this member\'s contact details</string>
    <string name="benefits_of_paid_member">Benefits of Paid Membership</string>
    <string name="reg_success">Registration Successful</string>
    <string name="become_member">Become a member</string>

    <!-- Registration Resources -->
    <string name="select_hint">Select</string>
    <string name="valid_male_female_age_lmt_msg">Male #8211; Age limit is 21 #8211; 70 \nFemale #8211; Age limit is 18 #8211; 70 </string>
    <string name="date_format">DD / MM / YYYY</string>
    <string name="select_t_and_c_req_msg">Select Terms and Conditions</string>

    <!-- Contact Us -->
    <string name="contact_map_view">Map View</string>
    <string name="contact_list_view">List View</string>
    <string name="contact_email_header">Email : </string>
    <string name="contact_chooser_title">Send mail&#8230;</string>
    <string name="no_mail_client_installed">There are no email clients installed.</string>

    <!-- Home Screen -->
    <string name="home_your">Your </string>
    <string name="home_membership_ends_on"> Membership ends on </string>
    <string name="home_add_photo">Add Photo</string>
    <string name="title_magic_match">Magic Match</string>
    <string name="magic_match_description"><center><big><big>My Magic Match!</big></big><br>Shake \'n\' Get Matched<br><br><big>Shake \'n\' Connect to your <br> matching Profile Speedily<br><br>Shake again to get a New Match!<br> or</br></br></br></br></big><br></br></br></br></br></center></string>
    <string name="matri_id">Matri Id</string>
    <string name="search">Search</string>
    <string name="search_bymember_id">Search by Member ID</string>

    <!-- Search Resources -->
    <string name="default_value_in_serach">Any</string>
    <string name="same_city_search_button_label">Same City Search</string>
    <string name="male_min_age">21</string>
    <string name="male_max_age">40</string>
    <string name="female_min_age">18</string>
    <string name="female_max_age">40</string>
    <string name="invalid_age_prefix_msg">Sorry, invalid age </string>
    <string name="female_age_range_suffix_msg">(Min. age is 18. Max. age is 70).</string>
    <string name="male_age_range_suffix_msg">(Min. age is 21. Max. age is 70).</string>
    <string name="male_age_service_range_suffix_msg">Service available for members between 21 – 70 years only</string>
    <string name="female_age_service_range_suffix_msg">Service available for members between 18 – 70 years only</string>

    <!-- search Results tab -->
    <string name="view_type_in_list_title">List View</string>
    <string name="view_type_in_photo_title">Photo View</string>

    <!-- Full Profile -->
    <string name="fp_profile">Profile</string>
    <string name="fp_sent_you_msg">has sent you message.</string>
    <string name="fp_sent_you_interest">has sent you interest</string>
    <string name="fp_sent_msg_you_replied">has sent you message &amp; you have replied.</string>
    <string name="fp_sent_msg_you_declined">has sent you message &amp; you have declined.</string>
    <string name="fp_sent_msg_you_are_yet_reply">has sent you message. You\'re yet to reply.</string>
    <string name="fp_not_read_your_msg">has not read your message.</string>
    <string name="fp_replied_your_msg">has replied to your message.</string>
    <string name="fp_declined_your_msg">has declined your message.</string>
    <string name="fp_yet_to_reply_your_msg">is yet to reply to your message.</string>
    <string name="fp_yet_to_respond_your_interest">is yet to respond to your interest.</string>
    <string name="fp_accepted_your_interest">has accepted your interest.</string>
    <string name="fp_declined_your_interest">has declined your interest.</string>
    <string name="fp_on">on </string>
    <string name="fp_reply_now"> Reply Now.</string>
    <string name="fp_you_declined_interest_of">You have declined the interest of </string>
    <string name="fp_you_accepted_interest_of">You have accepted the interest of </string>
    <string name="fp_like_to_contact">Like to contact </string>
    <string name="fp_fetching_album_details">Fetching album details&#8230;</string>
    <string name="fp_fetching_horoscope_details">Fetching horoscope details&#8230;</string>
    <string name="fp_fetching_phone_details">Fetching phone details&#8230;</string>
    <string name="fp_trying_to_get_current_location">Trying to get your current location mapping&#8230;</string>
    <string name="fp_fetching_payment_options">Fetching payment options&#8230;</string>
    <string name="fp_phone_details">Phone Details</string>
    <string name="fp_shortlist_comments">Shortlist Comments</string>
    <string name="fp_shortlist">Shortlist </string>
    <string name="fp_no_oreintation_sensor">No ORIENTATION Sensor</string>
    <string name="fp_downloading_partner_preference">Downloading partner preference&#8230;</string>
    <string name="fp_online">Online </string>
    <string name="fp_photo">Photo</string>
    <string name="fp_of"> of </string>
    <string name="fp_photo_of">Photo of</string>
    <string name="fp_horoscope_of">Horoscope of</string>
    <string name="fp_photo_album">Photo Album</string>

    <!-- payment Resources -->
    <string name="payment_package_type_regular_label">Regular Packages</string>
    <string name="payment_package_type_prev_mem_label">Privilege Membership</string>
    <string name="door_step_paymnt_slect_city_hint">Select City</string>
    <string name="door_step_paymnt_slect_state_hint">Select State</string>
    <string name="door_step_paymnt_slect_date_btn_label">Select Date</string>

    <!-- Messages   Resources -->
    <string name="exprss_interest_button_label">Express Interest</string>
    <string name="read_more_button_label">Read More</string>
    <string name="delete_ds_msg_menu">Delete this message</string>
    <string name="msg_menu_header_title">Options</string>
    <string name="rcvd_title">Received</string>
    <string name="sent_title">Sent</string>
    <!-- Interest Message -->
    <string name="express_interest_to">Express interest to </string>
    <string name="decline_interest_of">Decline the interest of </string>
    <string name="msg_received">Message Received</string>
    <string name="msg_to">Message to  </string>
    <string name="msg_from">Message from </string>
    <string name="prev_conversation_with">Previous conversation with </string>
    <!-- Interests -->
    <string name="interests_title">Interests</string>
    <string name="interests_received">Received</string>
    <string name="interests_sent">Sent</string>
    <string name="interests_yrs_short">yrs</string>
    <string name="interests_send_mail">Send Mail</string>
    <string name="interests_express_interest">Express Interest</string>
    <string name="interests_upgrade">Upgrade</string>
    <string name="interests_reply">Reply</string>
    <string name="interests_accept">Accept</string>
    <string name="interests_options">Options</string>
    <string name="interests_delete">Delete this Interest</string>
    <string name="interests_received_title">Interests Received</string>
    <string name="interests_title_new">New</string>
    <string name="interests_title_accepted">Accepted</string>
    <string name="interests_title_declined">Declined</string>
    <string name="interests_title_filtered">Filtered</string>
    <string name="interests_title_interest_sent">Interests Sent</string>
    <string name="interests_title_pending">Pending</string>

    <!-- message tab titles -->
    <string name="msg_new_tab_title">New</string>
    <string name="msg_not_replied_tab_title">Not Replied</string>
    <string name="msg_replied_tab_title">Replied</string>
    <string name="msg_declined_tab_title">Declined</string>
    <string name="msg_filtrd_tab_title">Filtered</string>
    <string name="msg_unread_tab_title">Unread</string>
    <string name="msg_read_tab_title">Read</string>
    <string name="msg_reply_received_tab_title">Reply Received</string>
    <!-- msg sent tab Resources -->
    <string-array name="msg_send_options">
        <item>Unread</item>
        <item>Read</item>
        <item>Declined</item>
        <item>Replies Received</item>
    </string-array>
    <!-- msg rcv tab Resources -->
    <string-array name="msg_rcvd_options">
        <item>New</item>
        <item>Not Replied</item>
        <item>Replied</item>
        <item>Declined</item>
        <item>Filtered</item>
    </string-array>

    <!-- Height picker widget Resources -->
    <string name="height_pckr_feet_rep"><font color="#ffffff">Feet</font></string>
    <string name="height_pckr_inch_rep"><font color="#ffffff">Inch</font></string>
    <string name="height_pckr_cm_rep"><font color="#ffffff">Cm</font></string>

    <!-- Gallery -->
    <string name="gallery_access_denied_to_sd">Access is denied to external storage device.</string>
    <string name="gallery_memory_card_not_mounted">Memory card is not mounted.</string>
    <string name="gallery_upload_photo">Upload Photo</string>
    <string name="gallery_uploading_phot">Uploading photo&#8230;</string>
    <string name="gallery_add_uploaded_photo">Add uploaded photo&#8230;</string>

    <!-- screen titles -->
    <string name="new_matches_screen_title">New Matches</string>
    <string name="search_results_screen_title">Search Results</string>
    <string name="screen_title_marital_status">Marital Status</string>
    <string name="screen_title_search">Search</string>
    <string name="t_and_c_title">BharatMatrimony.com</string>
    <string name="registration_title">\tRegistration</string>
    <string name="payment_packages_title">Packages</string>
    <string name="payment_options_title">Payment Options</string>
    <string name="bharatmatimony_title">BharatMatrimony</string>
    <string name="door_step_payment_title">Door Step Payment</string>
    <string name="msg_rcvd_title">Messages Received</string>
    <string name="msg_snt_title">Messages Sent</string>
    <string name="msg_title">Messages</string>

    <!-- Menu utils -->
    <string name="menu_home_title">Home</string>
    <string name="menu_messages_title">Messages</string>
    <string name="menu_interest_title">Interest</string>
    <string name="menu_search_title">Search</string>
    <string name="menu_upgrade_title">Upgrade</string>

    <!-- WS Message Handler -->
    <string name="msg_error">Error</string>
    <string name="msg_warning">Warning</string>
    <string name="msg_message">Message</string>

    <!-- C2DM -->
    <string name="notificatin_title">Bharat Matrimony</string>
    
    <!-- Others  -->
    <string-array name="country_name_array">
        <item>Afghanistan</item>
        <item>Albania</item>
        <item>Algeria</item>
        <item>American Samoa</item>
        <item>Andorra</item>
        <item>Angola</item>
        <item>Anguilla</item>
        <item>Antarctica</item>
        <item>Antigua and Barbuda</item>
        <item>Argentina</item>
        <item>Armenia</item>
        <item>Aruba</item>
        <item>Australia</item>
        <item>Austria</item>
        <item>Azerbaijan</item>
        <item>Bahamas</item>
        <item>Bahrain</item>
        <item>Bangladesh</item>
        <item>Barbados</item>
        <item>Belarus</item>
        <item>Belgium</item>
        <item>Belize</item>
        <item>Benin</item>
        <item>Bermuda</item>
        <item>Bhutan</item>
        <item>Bolivia</item>
        <item>Bosnia and Herzegovina</item>
        <item>Botswana</item>
        <item>Bouvet Island</item>
        <item>Brazil</item>
        <item>British Indian Ocean Territory</item>
        <item>British Virgin Islands</item>
        <item>Brunei</item>
        <item>Bulgaria</item>
        <item>Burkina Faso</item>
        <item>Burundi</item>
        <item>Cambodia</item>
        <item>Cameroon</item>
        <item>Canada</item>
        <item>Cape Verde</item>
        <item>Cayman Islands</item>
        <item>Central African Republic</item>
        <item>Chad</item>
        <item>Chile</item>
        <item>China</item>
        <item>Christmas Island</item>
        <item>Cocos Islands</item>
        <item>Colombia</item>
        <item>Comoros</item>
        <item>Congo</item>
        <item>Cook Islands</item>
        <item>Costa Rica</item>
        <item>Croatia</item>
        <item>Cuba</item>
        <item>Cyprus</item>
        <item>Czech Republic</item>
        <item>Denmark</item>
        <item>Djibouti</item>
        <item>Dominica</item>
        <item>Dominican Republic</item>
        <item>East Timor</item>
        <item>Ecuador</item>
        <item>Egypt</item>
        <item>El Salvador</item>
        <item>Equatorial Guinea</item>
        <item>Eritrea</item>
        <item>Estonia</item>
        <item>Ethiopia</item>
        <item>Falkland Islands</item>
        <item>Faroe Islands</item>
        <item>Fiji</item>
        <item>Finland</item>
        <item>France</item>
        <item>French Guiana</item>
        <item>French Polynesia</item>
        <item>French Southern Territories</item>
        <item>Gabon</item>
        <item>Gambia</item>
        <item>Georgia</item>
        <item>Germany</item>
        <item>Ghana</item>
        <item>Gibraltar</item>
        <item>Greece</item>
        <item>Greenland</item>
        <item>Grenada</item>
        <item>Guadeloupe</item>
        <item>Guam</item>
        <item>Guatemala</item>
        <item>Guinea</item>
        <item>Guinea-Bissau</item>
        <item>Guyana</item>
        <item>Haiti</item>
        <item>Heard and McDonald Islands</item>
        <item>Honduras</item>
        <item>Hong Kong</item>
        <item>Hungary</item>
        <item>Iceland</item>
        <item>India</item>
        <item>Indonesia</item>
        <item>Iran</item>
        <item>Iraq</item>
        <item>Ireland</item>
        <item>Israel</item>
        <item>Italy</item>
        <item>Ivory Coast</item>
        <item>Jamaica</item>
        <item>Japan</item>
        <item>Jordan</item>
        <item>Kazakhstan</item>
        <item>Kenya</item>
        <item>Kiribati</item>
        <item>Korea, North</item>
        <item>Korea, South</item>
        <item>Kuwait</item>
        <item>Kyrgyzstan</item>
        <item>Laos</item>
        <item>Latvia</item>
        <item>Lebanon</item>
        <item>Lesotho</item>
        <item>Liberia</item>
        <item>Libya</item>
        <item>Liechtenstein</item>
        <item>Lithuania</item>
        <item>Luxembourg</item>
        <item>Macau</item>
        <item>Macedonia</item>
        <item>Madagascar</item>
        <item>Malawi</item>
        <item>Malaysia</item>
        <item>Maldives</item>
        <item>Mali</item>
        <item>Malta</item>
        <item>Marshall Islands</item>
        <item>Martinique</item>
        <item>Mauritania</item>
        <item>Mauritius</item>
        <item>Mayotte</item>
        <item>Mexico</item>
        <item>Micronesia, Federated States of</item>
        <item>Moldova</item>
        <item>Monaco</item>
        <item>Mongolia</item>
        <item>Montserrat</item>
        <item>Morocco</item>
        <item>Mozambique</item>
        <item>Myanmar</item>
        <item>Namibia</item>
        <item>Nauru</item>
        <item>Nepal</item>
        <item>Netherlands</item>
        <item>Netherlands Antilles</item>
        <item>New Caledonia</item>
        <item>New Zealand</item>
        <item>Nicaragua</item>
        <item>Niger</item>
        <item>Nigeria</item>
        <item>Niue</item>
        <item>Norfolk Island</item>
        <item>Northern Mariana Islands</item>
        <item>Norway</item>
        <item>Oman</item>
        <item>Pakistan</item>
        <item>Palau</item>
        <item>Panama</item>
        <item>Papua New Guinea</item>
        <item>Paraguay</item>
        <item>Peru</item>
        <item>Philippines</item>
        <item>Pitcairn Island</item>
        <item>Poland</item>
        <item>Portugal</item>
        <item>Puerto Rico</item>
        <item>Qatar</item>
        <item>Reunion</item>
        <item>Romania</item>
        <item>Russia</item>
        <item>Rwanda</item>
        <item>S. Georgia and S. Sandwich Isls.</item>
        <item>Saint Kitts &amp; Nevis</item>
        <item>Saint Lucia</item>
        <item>Saint Vincent and The Grenadines</item>
        <item>Samoa</item>
        <item>San Marino</item>
        <item>Sao Tome and Principe</item>
        <item>Saudi Arabia</item>
        <item>Senegal</item>
        <item>Seychelles</item>
        <item>Sierra Leone</item>
        <item>Singapore</item>
        <item>Slovakia</item>
        <item>Slovenia</item>
        <item>Somalia</item>
        <item>South Africa</item>
        <item>Spain</item>
        <item>Sri Lanka</item>
        <item>St. Helena</item>
        <item>St. Pierre and Miquelon</item>
        <item>Sudan</item>
        <item>Suriname</item>
        <item>Svalbard and Jan Mayen Islands</item>
        <item>Swaziland</item>
        <item>Sweden</item>
        <item>Switzerland</item>
        <item>Syria</item>
        <item>Taiwan</item>
        <item>Tajikistan</item>
        <item>Tanzania</item>
        <item>Thailand</item>
        <item>Togo</item>
        <item>Tokelau</item>
        <item>Tonga</item>
        <item>Trinidad and Tobago</item>
        <item>Tunisia</item>
        <item>Turkey</item>
        <item>Turkmenistan</item>
        <item>Turks and Caicos Islands</item>
        <item>Tuvalu</item>
        <item>Uganda</item>
        <item>Ukraine</item>
        <item>United Arab Emirates</item>
        <item>United Kingdom</item>
        <item>United States of America</item>
        <item>Uruguay</item>
        <item>Uzbekistan</item>
        <item>Vanuatu</item>
        <item>Vatican City</item>
        <item>Venezuela</item>
        <item>Vietnam</item>
        <item>Virgin Islands</item>
        <item>Wallis and Futuna Islands</item>
        <item>Western Sahara</item>
        <item>Yemen</item>
        <item>Yugoslavia (Former)</item>
        <item>Zaire</item>
        <item>Zambia</item>
        <item>Zimbabwe</item>
    </string-array>

    <string-array name="country_code_array">
        	<item>93</item>
        <item>355</item>
        <item>213</item>
        <item>684</item>
        <item>376</item>
        <item>244</item>
        <item>1</item>
        <item>672</item>
        <item>1</item>
        <item>54</item>
        <item>374</item>
        <item>297</item>
        <item>61</item>
        <item>43</item>
        <item>994</item>
        <item>1</item>
        <item>973</item>
        <item>880</item>
        <item>1</item>
        <item>375</item>
        <item>32</item>
        <item>501</item>
        <item>229</item>
        <item>1</item>
        <item>975</item>
        <item>591</item>
        <item>387</item>
        <item>267</item>
        <item>001</item>
        <item>55</item>
        <item>001</item>
        <item>1</item>
        <item>673</item>
        <item>359</item>
        <item>226</item>
        <item>257</item>
        <item>855</item>
        <item>237</item>
        <item>1</item>
        <item>238</item>
        <item>1</item>
        <item>236</item>
        <item>235</item>
        <item>56</item>
        <item>86</item>
        <item>672</item>
        <item>672</item>
        <item>57</item>
        <item>269</item>
        <item>242</item>
        <item>682</item>
        <item>506</item>
        <item>385</item>
        <item>53</item>
        <item>357</item>
        <item>420</item>
        <item>45</item>
        <item>253</item>
        <item>1</item>
        <item>1</item>
        <item>670</item>
        <item>593</item>
        <item>20</item>
        <item>503</item>
        <item>240</item>
        <item>291</item>
        <item>372</item>
        <item>251</item>
        <item>500</item>
        <item>298</item>
        <item>679</item>
        <item>358</item>
        <item>33</item>
        <item>594</item>
        <item>689</item>
        <item>001</item>
        <item>241</item>
        <item>220</item>
        <item>995</item>
        <item>49</item>
        <item>223</item>
        <item>350</item>
        <item>30</item>
        <item>299</item>
        <item>1</item>
        <item>590</item>
        <item>1</item>
        <item>502</item>
        <item>224</item>
        <item>245</item>
        <item>592</item>
        <item>509</item>
        <item>001</item>
        <item>504</item>
        <item>852</item>
        <item>36</item>
        <item>354</item>
        <item>91</item>
        <item>62</item>
        <item>98</item>
        <item>964</item>
        <item>353</item>
        <item>972</item>
        <item>39</item>
        <item>001</item>
        <item>1</item>
        <item>81</item>
        <item>962</item>
        <item>7</item>
        <item>254</item>
        <item>686</item>
        <item>82</item>
        <item>82</item>
        <item>965</item>
        <item>996</item>
        <item>856</item>
        <item>371</item>
        <item>961</item>
        <item>266</item>
        <item>231</item>
        <item>218</item>
        <item>423</item>
        <item>370</item>
        <item>352</item>
        <item>853</item>
        <item>001</item>
        <item>261</item>
        <item>265</item>
        <item>60</item>
        <item>960</item>
        <item>223</item>
        <item>356</item>
        <item>692</item>
        <item>596</item>
        <item>222</item>
        <item>230</item>
        <item>269</item>
        <item>52</item>
        <item>691</item>
        <item>373</item>
        <item>377</item>
        <item>976</item>
        <item>1</item>
        <item>212</item>
        <item>258</item>
        <item>95</item>
        <item>264</item>
        <item>674</item>
        <item>977</item>
        <item>31</item>
        <item>599</item>
        <item>687</item>
        <item>64</item>
        <item>505</item>
        <item>227</item>
        <item>234</item>
        <item>683</item>
        <item>001</item>
        <item>1</item>
        <item>47</item>
        <item>968</item>
        <item>92</item>
        <item>680</item>
        <item>507</item>
        <item>675</item>
        <item>595</item>
        <item>51</item>
        <item>63</item>
        <item>001</item>
        <item>48</item>
        <item>351</item>
        <item>1</item>
        <item>974</item>
        <item>262</item>
        <item>40</item>
        <item>7</item>
        <item>250</item>
        <item>001</item>
        <item>1</item>
        <item>1</item>
        <item>1</item>
        <item>685</item>
        <item>378</item>
        <item>239</item>
        <item>966</item>
        <item>221</item>
        <item>248</item>
        <item>232</item>
        <item>65</item>
        <item>421</item>
        <item>386</item>
        <item>252</item>
        <item>27</item>
        <item>34</item>
        <item>94</item>
        <item>001</item>
        <item>001</item>
        <item>249</item>
        <item>597</item>
        <item>001</item>
        <item>268</item>
        <item>46</item>
        <item>41</item>
        <item>963</item>
        <item>001</item>
        <item>992</item>
        <item>255</item>
        <item>66</item>
        <item>228</item>
        <item>690</item>
        <item>676</item>
        <item>1</item>
        <item>216</item>
        <item>90</item>
        <item>993</item>
        <item>1</item>
        <item>688</item>
        <item>256</item>
        <item>380</item>
        <item>971</item>
        <item>44</item>
        <item>1</item>
        <item>598</item>
        <item>998</item>
        <item>678</item>
        <item>379</item>
        <item>58</item>
        <item>84</item>
        <item>001</item>
        <item>681</item>
        <item>001</item>
        <item>967</item>
        <item>381</item>
        <item>001</item>
        <item>260</item>
        <item>263</item>

    </string-array>

     <!--  -->
    <string name="dialog_int_decline_header">decline the interest of </string>
    <string name="dialog_int_decline_msg">Are you sure you want to decline this member\'s interest?</string>
    <string name="dialog_int_decline_footer">Note: When you decline a member\'s interest your contact information will not be revealed. If you decline this member now and if you change your mind later, you can accept this member\'s interest from your declined folder</string>
    <string name="dialog_int_delete_header">Delete the interest of</string>
    <string name="dialog_int_delete_msg">Are you sure you want to delete this member\'s interest?</string>
    <string name="dialog_shortlist_delete_header">Delete</string>
    <string name="dialog_shortlist_delete_msg">Are you sure you want to delete this profile from your shortlist folder?</string>
    <string name="dialog_msg_decline_header">decline the message from</string>
    <string name="dialog_msg_decline_msg">Are you sure you want to decline this member\'s message?</string>
    <string name="dialog_msg_decline_footer">Note: When you decline a member\'s message your contact information will not be revealed. If you decline this message now and if you change your mind later, you can accept this member\'s message from your declined folder</string>
    <string name="dialog_rec_msg_delete_header">Delete the message from</string>
    <string name="dialog_sent_msg_delete_header">Delete the message to</string>
    <string name="dialog_msg_delete_msg">Are you sure you want to delete this message?</string>
    <string name="dialog_int_accept_header ">Accept Interest Sent Successfully"</string>
    <string name="dialog_int_accept_msg_prefix">Congratulations! You have successfully accepted</string>
    <string name="dialog_int_accept_msg_suffix">interest. In order to take your communication further through e-mail, chat and phone either one of you must become a paid member.</string>
    <string name="dialog_int_sent_free_header">Paid Member Feature"</string>
    <string name="dialog_int_sent_free_msg">Upgrade/Renew your membership to check the \"Send Folder\" and contact directly with personalised messages.</string>
    <string name="dialog_int_free_five_header">Paid Member Feature</string>
    <string name="dialog_int_free_five_msg">You\'ve reached 5 Accepted Interests. You cannot send or accept anymore Interests. Upgrade now to contact prospects through phone &amp; e-mail</string>
    <string name="dialog_view_phone_msg">Do you want to view phone details?</string>
    <string name="dialog_session_to_header">Session Timeout</string>
    <string name="dialog_session_to_msg">Sorry!. Your session has timed out. Please sign-in again to continue</string>
    <string name="dialog_search_visitor_max_profiles">As a visitor you shall be able to view only 60 profiles. Become a member to view more profiles</string>
    <string name="dialog_search_visitor_max_profiles_header"></string>
    <string name="benifitMsg">Call members on their mobile<br>Send personalised e-mails<br>View horoscope of members</br></br></string>
    <string name="noLatLongWarning">Unable to get GPS co-ordinates.Please switch on GPS and try again.</string>
    <string name="in_conversation">In conversation</string>
    <string name="new_chat_message">You received new chat message"</string>
    <string name="wall_post_name">BharatMatrimony App on Mobile</string>
    <string name="wall_post_description">Reach your Eternal Love through this cool BharatMatrimony app available on Android, iOS and all other platforms.</string>

    <string-array name="interest_sent_msg_txt">
        <item>Interested in your profile.</item>
        <item>Feel we have lot in common.</item>
        <item>My parents &amp; I like your profile</item>
        <item>Our children’s profiles seem to match.</item>
        <item>You’re the one I’ve been looking for.</item>
        <item>Nice profile. Like to contact your parents.</item>
    </string-array>
    <string-array name="interest_sent_msg_key">
        <item>1</item>
        <item>5</item>
        <item>11</item>
        <item>12</item>
        <item>13</item>
        <item>14</item>
    </string-array>
    <string-array name="interest_dec_msg_txt">
        <item>Our preferences do not match.</item>
        <item>I have finalized my partner already.</item>
        <item>Marriage plans put on hold.</item>
        <item>Our horoscopes are not matching.</item>
        <item>Not a compatible match.</item>
    </string-array>
    <string-array name="interest_dec_msg_key">
        <item>1</item>
        <item>3</item>
        <item>6</item>
        <item>7</item>
        <item>8</item>
    </string-array>
    
<string-array name="interest_rec">
        <item>New</item>
        <item>Accepted</item>
        <item>Declined</item>
        <item>Filtered</item>
    </string-array>
    
<string-array name="interest_sent">
        <item>Pending</item>
        <item>Accepted</item>
        <item>Declined</item>
    </string-array>
        <string-array name="tile_names_array1">
        <item>Magic Match</item>
        <item>New Matches</item>
        <item>Matches</item>
        <item>Messages</item>
        <item>Interests</item>
        <item>Search</item>
    </string-array>
    <string-array name="tile_names_array2">
        <item>Shortlist</item>
        <item>In conversation</item>
        <item>Upgrade</item>
        <item>Settings</item>
        <item>Share</item>
    </string-array>
    
    <!-- Other Resources -->
    <string name="terms_and_cond_url">http://profile.tamilmatrimony.com/register/addtermspage.shtml</string>
    <string name="sh_shortlist">Shortlisted </string>
    <string name="setting_label">Settings</string>
    
    <string name="fprofile_about_family_label">About Family</string>

</resources>