<resources xmlns:android="http://schemas.android.com/apk/res/android">

    <!--
        Base application theme for API 14+. This theme completely replaces
        AppBaseTheme from BOTH res/values/styles.xml and
        res/values-v11/styles.xml on API 14+ devices.
    -->
    <style name="AppBaseTheme" parent="android:Theme.Holo.Light.DarkActionBar">
        <!-- API 14 theme customizations can go here. -->
    </style>
    
    
    <style name="DialogAnimation">
        <item name="android:windowEnterAnimation">@anim/slide_up_dialog</item>
        <item name="android:windowExitAnimation">@anim/slide_down_dialog</item>
        
</style>

<!-- Animation for dialog box -->
<!--     <style name="DialogSlideAnim" parent="@android:style/Theme.Translucent.NoTitleBar.Fullscreen">
        <item name="android:windowFullscreen">false</item>
        <item name="android:windowNoTitle">true</item>
        <item name="android:windowFrame">@null</item>
        <item name="android:windowIsFloating">true</item>
        <item name="android:windowContentOverlay">@null</item>
        <item name="android:windowSoftInputMode">stateUnspecified|adjustPan</item>
        <item name="android:windowActionModeOverlay">true</item>
         <item name="android:windowCloseOnTouchOutside">true</item>
        
    </style>
 -->
 <!-- Animation for dialog box -->
    <style name="DialogSlideAnim" parent= "@android:style/Theme.Translucent.NoTitleBar.Fullscreen">
        <item name="android:windowFullscreen">false</item>
        <item name="android:windowNoTitle">true</item>
        <item name="android:windowFrame">@null</item>
        <item name="android:windowIsFloating">true</item>
        <item name="android:windowContentOverlay">@null</item>
        <item name="android:windowSoftInputMode">stateUnspecified|adjustPan</item>
        <item name="android:windowActionModeOverlay">true</item>
         <item name="android:windowCloseOnTouchOutside">true</item>
        
    </style>
</resources>
