<?xml version="1.0" encoding="utf-8"?>
<!--
/* 
**
** Copyright 2008, The Android Open Source Project
**
** Licensed under the Apache License, Version 2.0 (the "License"); 
** you may not use this file except in compliance with the License. 
** You may obtain a copy of the License at 
**
**     http://www.apache.org/licenses/LICENSE-2.0 
**
** Unless required by applicable law or agreed to in writing, software 
** distributed under the License is distributed on an "AS IS" BASIS, 
** WITHOUT WARRANTIES OR CONDITIONS OF ANY KIND, either express or implied. 
** See the License for the specific language governing permissions and 
** limitations under the License.
*/
-->

<Keyboard xmlns:android="http://schemas.android.com/apk/res/android"
    android:keyWidth="10%p"
    android:horizontalGap="0px"
    android:verticalGap="0px"
    android:keyHeight="@dimen/key_height"
    
    
    
    >
     <Row>
        <Key android:codes="49" android:keyLabel="1" android:keyEdgeFlags="left"/>
        <Key android:codes="50" android:keyLabel="2"/>
        <Key android:codes="51" android:keyLabel="3"/>
        <Key android:codes="52" android:keyLabel="4"/>
        <Key android:codes="53" android:keyLabel="5"/>
        <Key android:codes="54" android:keyLabel="6"/>
        <Key android:codes="55" android:keyLabel="7"/>
        <Key android:codes="56" android:keyLabel="8"/>
        <Key android:codes="57" android:keyLabel="9"/>
        <Key android:codes="48" android:keyLabel="0" android:keyEdgeFlags="right"/>
    </Row>

    <Row>
        <Key android:codes="113" android:keyLabel="q" android:keyEdgeFlags="left"/>
        <Key android:codes="119" android:keyLabel="w"/>
        <Key android:codes="101" android:keyLabel="e"/>
        <Key android:codes="114" android:keyLabel="r"/>
        <Key android:codes="116" android:keyLabel="t"/>
        <Key android:codes="121" android:keyLabel="y"/>
        <Key android:codes="117" android:keyLabel="u"/>
        <Key android:codes="105" android:keyLabel="i"/>
        <Key android:codes="111" android:keyLabel="o"/>
        <Key android:codes="112" android:keyLabel="p" android:keyEdgeFlags="right"/>
    </Row>
    
    <Row  >
       
        <Key android:codes="97" android:keyLabel="a" android:keyEdgeFlags="left" android:horizontalGap="5%p"/>
        <Key android:codes="115" android:keyLabel="s"/>
        <Key android:codes="100" android:keyLabel="d"/>
        <Key android:codes="102" android:keyLabel="f"/>
        <Key android:codes="103" android:keyLabel="g"/>
        <Key android:codes="104" android:keyLabel="h"/>
        <Key android:codes="106" android:keyLabel="j"/>
        <Key android:codes="107" android:keyLabel="k"/>
        <Key android:codes="108" android:keyLabel="l" android:keyEdgeFlags="right"/>
    </Row>
    
    <Row>
        <Key android:codes="-1" android:keyIcon="@drawable/sym_keyboard_shift"  android:keyWidth="15%p" android:isModifier="true" android:isSticky="true" android:keyEdgeFlags="left"/>
        <Key android:codes="122" android:keyLabel="z"/>
        <Key android:codes="120" android:keyLabel="x"/>
        <Key android:codes="99" android:keyLabel="c"/>
        <Key android:codes="118" android:keyLabel="v"/>
        <Key android:codes="98" android:keyLabel="b"/>
        <Key android:codes="110" android:keyLabel="n"/>
        <Key android:codes="109" android:keyLabel="m"/>
        <Key android:codes="-5" android:keyIcon="@drawable/sym_keyboard_delete" android:keyWidth="15%p" android:keyEdgeFlags="right" android:isRepeatable="true"/>
    </Row>
    
    <Row android:rowEdgeFlags="bottom">
        <!-- <Key android:codes="-6" android:keyLabel="^X M-X" 
                android:keyWidth="20%p" android:keyEdgeFlags="left"/> -->
        <Key android:codes="-2" android:keyLabel="Sym" android:keyWidth="20%p" android:keyEdgeFlags="left"/>
        <Key android:codes="64" android:keyLabel="\@" android:keyWidth="10%p"/>
        <Key android:codes="32" android:keyIcon="@drawable/sym_keyboard_space"
                android:keyWidth="40%p" android:isRepeatable="true"/>
        <Key android:codes="46" android:keyLabel="." android:keyWidth="10%p"/>
        <Key android:codes="10" android:keyIcon="@drawable/sym_keyboard_return" 
                android:keyWidth="20%p" android:keyEdgeFlags="right"/>
    </Row>
</Keyboard>
    