<?xml version="1.0" encoding="utf-8"?>
<layer-list xmlns:android="http://schemas.android.com/apk/res/android">
  <item>
    <shape>
        <gradient android:startColor="#dddddd" android:endColor="#dddddd"  android:angle="-90.0"/>
        <corners android:radius="5.0dip" />
    </shape>
  </item>
  <item android:bottom="20dip">
    <shape>
        <solid android:color="#dddddd"/>
        <corners android:bottomRightRadius="0.1dip"
             android:bottomLeftRadius="0.1dip"
             android:topLeftRadius="5dip"
             android:topRightRadius="5dip"/>
     </shape>
  </item>
</layer-list>
