<?xml version="1.0" encoding="utf-8"?>
<layer-list xmlns:android="http://schemas.android.com/apk/res/android">
  <item>
    <shape>
        <gradient android:startColor="#FF6606" android:endColor="#FF6606"  android:angle="-90.0"/>
        <corners android:radius="5.0dip" />
    </shape>
  </item>
  <item android:bottom="17dip">
    <shape>
        <solid android:color="#F88514"/>
        <corners android:bottomRightRadius="0.1dip"
             android:bottomLeftRadius="0.1dip"
             android:topLeftRadius="5dip"
             android:topRightRadius="5dip"/>
     </shape>
  </item>
</layer-list>
