<?xml version="1.0" encoding="utf-8"?>
<selector xmlns:android="http://schemas.android.com/apk/res/android">

    <item android:state_pressed="true"><shape>
            <gradient android:angle="90" android:endColor="#1FD32B" android:startColor="#0E7C2D" />

            <stroke android:width="1dip" android:color="#144103" />

            <corners android:radius="4dip" />
        </shape></item>
   <item android:state_pressed="false"><shape>
            <solid android:color="#ffffff" />

            <stroke android:width="1dip" android:color="#B3B2B2" />

            <corners android:radius="5dip" />
        </shape></item>

</selector>