<?xml version="1.0" encoding="UTF-8"?>
<layer-list xmlns:android="http://schemas.android.com/apk/res/android">
	<item>
		<shape>
			<solid android:color="#7B7672" />
			<padding android:top="1dp"
				android:right="1dp"
				android:left="1dp"
				android:bottom="1dp" />
			<corners android:radius="5dp" />
		</shape>
	</item>
	
	<item>
		<shape>
			<solid android:color="#F88514" />
			<corners android:topLeftRadius="5dp"
				android:topRightRadius="5dp" />
		</shape>
	</item>
	<item android:top="12dp">
		<shape>
			<solid android:color="#F66006" />
			<corners android:bottomLeftRadius="5dp"
				android:bottomRightRadius="5dp" />
		</shape>
	</item>
	
</layer-list>